index,mid,display_name
0,/m/07rwj00,"crackling_fire"
1,/m/07rwj01,"clock_alarm"
2,/m/07rwj02,"church_bells"
3,/m/07rwj03,"frog"
4,/m/07rwj04,"vacuum_cleaner"
5,/m/07rwj05,"wind"
6,/m/07rwj06,"fireworks"
7,/m/07rwj07,"breathing"
8,/m/07rwj08,"chirping_birds"
9,/m/07rwj09,"snoring"
10,/m/07rwj10,"car_horn"
11,/m/07rwj11,"brushing_teeth"
12,/m/07rwj12,"engine"
13,/m/07rwj13,"hand_saw"
14,/m/07rwj14,"hen"
15,/m/07rwj15,"sheep"
16,/m/07rwj16,"pig"
17,/m/07rwj17,"coughing"
18,/m/07rwj18,"clock_tick"
19,/m/07rwj19,"siren"
20,/m/07rwj20,"clapping"
21,/m/07rwj21,"water_drops"
22,/m/07rwj22,"chainsaw"
23,/m/07rwj23,"sneezing"
24,/m/07rwj24,"toilet_flush"
25,/m/07rwj25,"footsteps"
26,/m/07rwj26,"thunderstorm"
27,/m/07rwj27,"dog"
28,/m/07rwj28,"crying_baby"
29,/m/07rwj29,"glass_breaking"
30,/m/07rwj30,"washing_machine"
31,/m/07rwj31,"can_opening"
32,/m/07rwj32,"helicopter"
33,/m/07rwj33,"keyboard_typing"
34,/m/07rwj34,"insects"
35,/m/07rwj35,"cow"
36,/m/07rwj36,"train"
37,/m/07rwj37,"crow"
38,/m/07rwj38,"door_wood_creaks"
39,/m/07rwj39,"drinking_sipping"
40,/m/07rwj40,"sea_waves"
41,/m/07rwj41,"door_wood_knock"
42,/m/07rwj42,"mouse_click"
43,/m/07rwj43,"rooster"
44,/m/07rwj44,"cat"
45,/m/07rwj45,"airplane"
46,/m/07rwj46,"laughing"
47,/m/07rwj47,"crickets"
48,/m/07rwj48,"rain"
49,/m/07rwj49,"pouring_water"
